"year","month","lat","lon","tmean","tmin","tmax","prec"
1960,1,45.1175,15.0076,-0.609032238202711,-4.40999988202126,2.70645160155912,105.50000166893
1960,2,45.1175,15.0076,1.49517234286358,-1.72206888733239,4.83310331147293,154.700001955032
1960,3,45.1175,15.0076,3.89677408601968,1.50129027820883,6.93612887686299,175.200004220009
1960,4,45.1175,15.0076,7.28766653140386,3.92266652782758,11.2199997266134,131.300000429153
1960,5,45.1175,15.0076,12.2245158918442,7.72419338264773,16.7719351860785,36.2000007629395
1960,6,45.1175,15.0076,16.3373330116272,11.1966663360596,21.6119994799296,128.90000295639
1960,7,45.1175,15.0076,16.1287092393444,10.8251611032794,21.3193544880036,158.100002288818
1960,8,45.1175,15.0076,17.4322577138101,12.1906448487313,23.1509671365061,84.7000017166138
1960,9,45.1175,15.0076,12.4756663958232,8.70999979972839,17.0843329747518,307.700002193451
1960,10,45.1175,15.0076,10.9590319664248,7.76193525329713,15.3567737763928,267.700006008148
1960,11,45.1175,15.0076,7.10666644573212,4.37499988675117,10.5226665019989,184.10000371933
1960,12,45.1175,15.0076,3.38193538784981,0.963225774707333,5.90096762848477,232.600004911423
1961,1,45.1175,15.0076,-1.88838700493497,-5.69903215044929,1.56032253369208,88.9000020027161
1961,2,45.1175,15.0076,2.21535710777555,-2.5310713616865,8.11285695007869,42.5000014305115
1961,3,45.1175,15.0076,5.22741925668332,-0.678387069894421,11.9916127266422,43.8000023365021
1961,4,45.1175,15.0076,10.6299997488658,6.13433317343394,15.472666422526,162.300000190735
1961,5,45.1175,15.0076,11.1029030738338,6.34935465935738,16.0658061427455,121.899999380112
1961,6,45.1175,15.0076,16.0186662356059,10.6566664218903,21.5409997622172,96.3000030517578
1961,7,45.1175,15.0076,16.152257580911,9.9080642730959,22.0861284809728,198.200005292892
1961,8,45.1175,15.0076,16.1761285720333,9.44225781963718,23.0567736471853,60.7999992370605
1961,9,45.1175,15.0076,14.7506663004557,8.10766650835673,22.7153328895569,18.7999999523163
1961,10,45.1175,15.0076,10.3235481016098,6.37193534643419,14.8564512960372,199.600004673004
1961,11,45.1175,15.0076,5.05966654450943,1.39099994103114,8.90266644159953,191.700005531311
1961,12,45.1175,15.0076,-0.654838717752887,-5.00387079292728,2.87322574751752,104.900003194809
1962,1,45.1175,15.0076,0.00290323433376139,-4.67354828311551,4.58838704228401,155.700002908707
1962,2,45.1175,15.0076,-1.84642852370494,-6.41964271238872,2.57499993379627,82.700001001358
1962,3,45.1175,15.0076,-0.850967703807738,-5.03258049391931,2.76483865514878,172.600003004074
1962,4,45.1175,15.0076,7.47899986902873,2.27133329312007,13.4309997121493,174.700002193451
1962,5,45.1175,15.0076,11.1954836153215,5.73999989801838,16.4603223031567,141.600003004074
1962,6,45.1175,15.0076,13.5916663646698,7.75766652772824,19.141999689738,96.2000021934509
1962,7,45.1175,15.0076,16.0867738723755,10.0483868737375,21.5777415921611,134.000000238419
1962,8,45.1175,15.0076,18.5077413743542,11.7299996806729,25.7138703869235,2.40000009536743
1962,9,45.1175,15.0076,12.9143330891927,7.89133318265279,18.6989996274312,110.200000762939
1962,10,45.1175,15.0076,8.62612875815361,4.51903214473878,13.4180642404864,55.300000667572
1962,11,45.1175,15.0076,2.87299994577964,0.682999970267215,5.83133318126202,360.900009274483
1962,12,45.1175,15.0076,-3.83322574763048,-7.84645135892976,-0.10032258543276,114.800003051758
1963,1,45.1175,15.0076,-6.65774187685982,-9.8032255047752,-3.63935479810161,146.200001955032
1963,2,45.1175,15.0076,-4.64857136178762,-8.15357127785683,-1.39999997509377,106.900002360344
1963,3,45.1175,15.0076,1.94129027378175,-2.68096771163325,6.88870957589919,109.600001573563
1963,4,45.1175,15.0076,8.32799987097581,4.1803332567215,13.518666323026,94.9000012874603
1963,5,45.1175,15.0076,11.5890320193383,6.17806438188399,17.2006447699762,164.600003957748
1963,6,45.1175,15.0076,16.5033330281576,10.7416663646698,21.7496662139893,71.8000018596649
1963,7,45.1175,15.0076,18.1999994401009,12.1596771670926,24.0651608128702,83.4000015258789
1963,8,45.1175,15.0076,17.6864512043615,11.9545158109357,23.5516124233123,182.10000038147
1963,9,45.1175,15.0076,14.2846662521362,9.79699974060059,19.8923329353333,179.600001335144
1963,10,45.1175,15.0076,8.07774177674324,3.52709667673034,13.6090319079738,110.500000953674
1963,11,45.1175,15.0076,9.82099977731704,6.11533319453398,13.4063330809275,151.900002717972
1963,12,45.1175,15.0076,-3.79258052956673,-6.95806436240673,-0.975483831859404,125.500001907349
1964,1,45.1175,15.0076,-5.32774182673424,-10.0587094714565,-0.465806428463228,0
1964,2,45.1175,15.0076,-0.697241342273252,-5.27896535981061,4.05344818070017,51.0000016689301
1964,3,45.1175,15.0076,1.55709673560435,-1.4761289989035,4.8767740726471,144.200001478195
1964,4,45.1175,15.0076,8.24066652456919,2.73599994902809,13.8246662934621,120.300003528595
1964,5,45.1175,15.0076,12.2312900943141,6.16064500808716,17.9822578430176,115.300000190735
1964,6,45.1175,15.0076,17.2146663983663,11.9873330275218,22.2216660499573,87.1000003814697
1964,7,45.1175,15.0076,17.3532253080799,10.8587094737637,23.1074187986312,123.60000193119
1964,8,45.1175,15.0076,16.0067738871421,10.2067739732804,21.9793543354157,145.1000020504
1964,9,45.1175,15.0076,12.9586663405101,7.90699978570143,18.5903328577677,132.90000295639
1964,10,45.1175,15.0076,8.82548369130781,5.5758062947181,12.0419351977687,356.800007343292
1964,11,45.1175,15.0076,4.98633323113124,1.69999996498227,8.79066648681958,135.900003790855
1964,12,45.1175,15.0076,-0.24193547137322,-3.33419346040295,2.62645159529582,182.300000429153
1965,1,45.1175,15.0076,0.22322580939339,-4.15903215639053,3.39838700146685,162.100001811981
1965,2,45.1175,15.0076,-4.25892850543771,-9.21964266044753,0.0675000111971585,46.8000009059906
1965,3,45.1175,15.0076,3.84064504215794,-0.0780645157060314,7.6558063062689,112.700003623962
1965,4,45.1175,15.0076,5.89899985392888,1.82133327051997,10.3609997749329,178.900003194809
1965,5,45.1175,15.0076,10.9370965650005,5.81516116857529,15.8654835762516,170.300001144409
1965,6,45.1175,15.0076,15.6743329366048,9.78266646067302,20.996332804362,77.8000011444092
1965,7,45.1175,15.0076,17.6119350310295,10.5638707222477,23.6948380624094,124.70000576973
1965,8,45.1175,15.0076,15.1574190201298,9.3329030159981,21.1545156971101,173.600005745888
1965,9,45.1175,15.0076,13.4396663983663,8.94699982007345,18.5139994939168,171.20000398159
1965,10,45.1175,15.0076,8.19064501024062,2.45193542720329,14.8383867202267,0
1965,11,45.1175,15.0076,3.5336665759484,-0.300000001490115,7.32833309868972,391.000010967255
1965,12,45.1175,15.0076,2.84483868460501,-0.852903243034117,6.40774179274036,185.900002002716
1966,1,45.1175,15.0076,-3.80483861411772,-8.43645146921758,0.194193552578649,74.7000005245209
1966,2,45.1175,15.0076,6.20428555352347,2.61642851999828,9.94357119287763,103.400000452995
1966,3,45.1175,15.0076,2.33483863453711,-2.00096766698745,6.8577417596694,104.000000476837
1966,4,45.1175,15.0076,9.62399988174439,5.02766650070747,14.5873330752055,96.7000013589859
1966,5,45.1175,15.0076,12.2161287799958,6.73903213008758,17.6093545421477,127.100001573563
1966,6,45.1175,15.0076,16.6133329073588,10.5706663926442,22.4796661376953,109.700000405312
1966,7,45.1175,15.0076,16.3783868666618,11.0019353128249,21.6903222607028,177.500002264977
1966,8,45.1175,15.0076,15.8483866722353,10.8593545498387,21.2229027594289,186.10000371933
1966,9,45.1175,15.0076,13.6416663805644,8.43133316834768,19.9836661656698,105.600002765656
1966,10,45.1175,15.0076,12.2658062048497,8.964193327773,17.0158061192882,234.100006818771
1966,11,45.1175,15.0076,1.88633333873004,-1.39099998405824,5.18566654895743,285.70000576973
1966,12,45.1175,15.0076,0.659032222484389,-3.16161286242066,4.36645150040427,183.800004005432
1967,1,45.1175,15.0076,-3.07354834579652,-8.38741916994895,2.0267741382122,100.100000619888
1967,2,45.1175,15.0076,0.710714277412211,-3.77714280198727,4.99214274702328,67.1000008583069
1967,3,45.1175,15.0076,5.05161279151517,1.17096771107566,9.82161265034829,103.300002336502
1967,4,45.1175,15.0076,6.4073332409064,2.2153332789739,10.924666484197,171.200001955032
1967,5,45.1175,15.0076,12.8245158810769,7.12806443052907,18.1161286138719,87.1000003814697
1967,6,45.1175,15.0076,14.7536662419637,9.17633307774862,20.1689995129903,128.100001335144
1967,7,45.1175,15.0076,18.706128643405,12.6438706305719,24.6116122891826,68.7000014781952
1967,8,45.1175,15.0076,17.0206448954921,10.998064210338,23.949354264044,59.9000008106232
1967,9,45.1175,15.0076,14.3959996859233,9.49666639963786,20.403332678477,160.000002861023
1967,10,45.1175,15.0076,10.8209675588915,5.32838693549556,18.1367737862372,77.1000008583069
1967,11,45.1175,15.0076,5.2683331956466,1.17733331595858,10.0019997278849,172.100001096725
1967,12,45.1175,15.0076,-1.52419350608703,-6.16612880749087,2.17258062189625,146.900003910065
1968,1,45.1175,15.0076,-3.72838698952429,-9.64322560833346,1.57516125277165,82.9000021219254
1968,2,45.1175,15.0076,2.49793098969706,-0.828275816515088,5.73517224577994,95.700001001358
1968,3,45.1175,15.0076,4.52322575353807,-0.713870951244909,9.5306449196031,26.9000004529953
1968,4,45.1175,15.0076,10.0666664501031,3.93233324786027,16.1529995759328,48.2000007629395
1968,5,45.1175,15.0076,12.5325804679625,7.81870953498348,18.012257745189,176.100003957748
1968,6,45.1175,15.0076,15.2749996185303,10.7189997355143,20.1023327509562,133.60000193119
1968,7,45.1175,15.0076,17.2419351454704,10.4299997437385,23.3477416499968,92.0000009536743
1968,8,45.1175,15.0076,15.3451608534782,10.7161288722869,20.8867736324187,229.200005531311
1968,9,45.1175,15.0076,13.2043329874674,8.97633307774862,18.6663331349691,202.8000010252
1968,10,45.1175,15.0076,9.7619351571606,4.89258051303125,15.6951610503658,11.6999998092651
1968,11,45.1175,15.0076,4.81466654762626,1.96333328709006,7.89033321738243,194.100001811981
1968,12,45.1175,15.0076,-2.73096768275624,-5.59903215208361,0.324516098285395,104.80000269413
1969,1,45.1175,15.0076,-1.91806450317944,-5.59838700486768,1.43258061476292,131.000001430511
1969,2,45.1175,15.0076,-1.37392855808139,-5.33857128722593,2.47178564752851,212.600003242493
1969,3,45.1175,15.0076,1.36161286197603,-1.11999999178994,4.16322573466647,78.1000010967255
1969,4,45.1175,15.0076,7.03133320609728,2.1236666838328,11.9943328738213,117.900003552437
1969,5,45.1175,15.0076,14.1077416173873,8.49999977455985,20.1506447022961,99.3000001907349
1969,6,45.1175,15.0076,14.4703330039978,9.48366649945577,19.8666661898295,164.300002574921
1969,7,45.1175,15.0076,16.7670963656518,10.3445158466216,23.0690317461568,97.6000020503998
1969,8,45.1175,15.0076,15.8529029046336,11.2719351860785,21.2345156823435,244.300000905991
1969,9,45.1175,15.0076,13.9533329963684,10.0836665153503,19.1026663780212,97.1000018119812
1969,10,45.1175,15.0076,8.20741914933728,2.68258057690917,15.7274190225909,16.0999999046326
1969,11,45.1175,15.0076,7.52466657956441,3.5506665887932,11.7596663872401,246.800004720688
1969,12,45.1175,15.0076,-4.51548374498323,-7.87387083038207,-1.59193546060593,148.500004053116
1970,1,45.1175,15.0076,-0.0164516159603674,-3.1212902297416,2.7248386173479,123.700001001358
1970,2,45.1175,15.0076,-0.312857137194702,-4.84749983251095,3.9217856111271,141.600003004074
1970,3,45.1175,15.0076,1.26129030995071,-2.6903225125805,5.17612889409065,206.200003623962
1970,4,45.1175,15.0076,6.70066651180386,2.61699989636739,11.4549996693929,203.200004339218
1970,5,45.1175,15.0076,10.1058061968896,4.83096764356859,15.3003223326898,79.5000014305115
1970,6,45.1175,15.0076,16.5366664568583,10.9286665360133,22.2446662902832,96.3000020980835
1970,7,45.1175,15.0076,16.8664512634277,10.5538706625662,23.0703220059795,114.500001430511
1970,8,45.1175,15.0076,17.3235479170276,12.072257749496,23.1987090572234,127.900003194809
1970,9,45.1175,15.0076,13.7999996503194,8.31799980799357,20.0693328221639,20.4000000953674
1970,10,45.1175,15.0076,8.53290305983636,3.39258058945979,14.5845158484674,93.7000031471252
1970,11,45.1175,15.0076,6.89133318265279,2.60099996017913,11.1346664110819,87.9000012874603
1970,12,45.1175,15.0076,-0.764838697929536,-4.44741922232412,3.42451603566447,169.400003433228
1971,1,45.1175,15.0076,-0.276129048678181,-3.27064510531003,2.41645157241052,107.700002193451
1971,2,45.1175,15.0076,0.458571389117944,-3.16071423356022,5.19571411982179,51.1000008583069
1971,3,45.1175,15.0076,-0.128064491095081,-3.47322573296486,3.43290315904925,114.500002622604
1971,4,45.1175,15.0076,8.73199984232585,4.12599988977114,13.9133330186208,112.700003862381
1971,5,45.1175,15.0076,13.2525803350633,8.07903209809334,18.5858061082902,113.700001239777
1971,6,45.1175,15.0076,14.9583330154419,10.2033330758413,19.7103328069051,102.200001716614
1971,7,45.1175,15.0076,17.5687092811831,10.9816126823425,23.7983865430278,89.2000005245209
1971,8,45.1175,15.0076,18.6558060492239,12.6670964456374,25.4529025785385,89.5000009536743
1971,9,45.1175,15.0076,10.8026663780212,5.94566657443841,16.8809995651245,82.5000007152557
1971,10,45.1175,15.0076,7.35064504253528,1.82967737028676,14.6129029258605,34.2000007629395
1971,11,45.1175,15.0076,3.48299991562962,-0.774333330988885,7.89399984677633,222.400005578995
1971,12,45.1175,15.0076,-0.360967725034683,-4.7135482680413,5.46548375054713,56.4000000953674
1972,1,45.1175,15.0076,-2.40967736681623,-4.34387086476049,-0.348709647693942,98.7000027894974
1972,2,45.1175,15.0076,1.44620688054068,-0.982758582794461,4.5493102663293,159.2000041008
1972,3,45.1175,15.0076,5.44741922232413,1.02677419048644,10.7164513257242,67.8000017404556
1972,4,45.1175,15.0076,7.33233315447966,3.70499991178513,11.5096664746602,270.20000576973
1972,5,45.1175,15.0076,11.3661288138359,6.13419341271923,16.5696770145047,281.600009322166
1972,6,45.1175,15.0076,15.9493330955505,10.007333056132,21.8339994430542,43.6000006198883
1972,7,45.1175,15.0076,17.4099996013026,12.8329029390889,22.69548326923,162.700001478195
1972,8,45.1175,15.0076,15.8841931743007,11.0283868082108,21.853870361082,154.100004673004
1972,9,45.1175,15.0076,10.0119997183482,6.22499987781048,15.0486663182576,174.600002288818
1972,10,45.1175,15.0076,7.06645138609794,3.89290314972881,10.5916127389477,102.900000572205
1972,11,45.1175,15.0076,4.75833328316609,-0.801333330074946,10.6386664827665,198.10000538826
1972,12,45.1175,15.0076,0.191612880076133,-2.23612899958126,2.44612899807192,43.0000010728836
1973,1,45.1175,15.0076,-1.28161288052797,-4.24483855885844,1.42193544433723,80.3000025749207
1973,2,45.1175,15.0076,-0.161785736480462,-4.33678565819615,4.49607136845589,78.200001001358
1973,3,45.1175,15.0076,2.03967737094048,-2.12225802867643,7.10225793268652,37.9000006914139
1973,4,45.1175,15.0076,5.11866654654344,1.2646666444838,9.80399974187215,144.800002098083
1973,5,45.1175,15.0076,13.1274191179583,7.37483854063096,18.9687090842955,27.5000002384186
1973,6,45.1175,15.0076,15.9266662597656,11.1546664237976,20.8403327624003,122.80000269413
1973,7,45.1175,15.0076,17.4574189339915,11.6532256064876,23.0058060307657,92.5000035762787
1973,8,45.1175,15.0076,16.7116126706523,11.2493545624518,22.9758059593939,41.2000014781952
1973,9,45.1175,15.0076,13.9809996445974,8.95566642284393,20.2986663182577,150.900002479553
1973,10,45.1175,15.0076,7.85258047042354,3.65290314920487,12.6535480945341,117.900000572205
1973,11,45.1175,15.0076,2.96166657259067,-2.462666563193,9.15466649035613,102.400004863739
1973,12,45.1175,15.0076,0.527741902537885,-3.75193546802526,4.3232256962407,121.5
1974,1,45.1175,15.0076,0.681612895260895,-2.36548379352016,4.62935471150183,39.8000009059906
1974,2,45.1175,15.0076,3.7024999580213,1.45071425927537,6.49321410059929,78.7000026702881
1974,3,45.1175,15.0076,4.81967726776437,1.13161290364881,9.16903210551508,99.9000027179718
1974,4,45.1175,15.0076,6.46299987236659,2.1159999354432,11.1066663901011,142.500001430511
1974,5,45.1175,15.0076,10.9693545526074,6.55612886721088,16.1799995668473,135.200003623962
1974,6,45.1175,15.0076,13.9946663220723,9.12199976444244,19.0339996655782,178.100003480911
1974,7,45.1175,15.0076,17.162257594447,11.232580431046,23.0590318249118,107.600001573563
1974,8,45.1175,15.0076,18.0199995656167,12.7325802926094,24.1225801898587,207.40000295639
1974,9,45.1175,15.0076,13.5756664117177,9.03033305803935,19.0363327980041,221.700004577637
1974,10,45.1175,15.0076,4.26322570815682,0.87451610690163,8.4703223782201,404.500007152557
1974,11,45.1175,15.0076,4.62699991663297,1.46933329949776,8.27899981339772,113.300002574921
1974,12,45.1175,15.0076,2.19870962346754,-2.00935480142793,7.53645149305944,50.800000667572
1975,1,45.1175,15.0076,3.10129025386226,-0.506129050447095,7.40064504069667,29.8999996185303
1975,2,45.1175,15.0076,-0.609285706388099,-4.6339284958584,4.26535700793777,45.4000010490417
1975,3,45.1175,15.0076,4.50580634801618,1.46129029556628,8.47741919179117,165.700003147125
1975,4,45.1175,15.0076,7.54999975760778,3.18166654904683,12.0849997917811,105.500001907349
1975,5,45.1175,15.0076,13.0741934007214,8.42548370745874,18.0670963410408,170.500005245209
1975,6,45.1175,15.0076,14.3173330307007,10.150666419665,19.1803328831991,148.900004267693
1975,7,45.1175,15.0076,17.2864510628485,11.8129029735442,23.2435477164484,113.40000128746
1975,8,45.1175,15.0076,15.988064089129,11.8735481692899,21.3819349350468,151.500003218651
1975,9,45.1175,15.0076,15.5036664326986,11.0989998181661,21.4496661822001,80.1000027656555
1975,10,45.1175,15.0076,7.62774175213229,3.6693547771823,13.1629029243223,192.299999475479
1975,11,45.1175,15.0076,3.0526665866375,0.0356666641309857,6.22233318487803,120.500000953674
1975,12,45.1175,15.0076,0.555806439730429,-2.69838703519875,5.14193539850173,76.9000015258789
1976,1,45.1175,15.0076,0.124838717281818,-4.67870960072164,5.03516120968326,46.8000004291534
1976,2,45.1175,15.0076,-1.3799999660716,-4.76689643232987,2.47965509759198,63.3000009059906
1976,3,45.1175,15.0076,-0.971290299368481,-6.26677406218744,4.85903215792871,134.300002098083
1976,4,45.1175,15.0076,6.84099991172552,2.75833325584729,12.354999645551,107.800001740456
1976,5,45.1175,15.0076,11.9829030113835,5.92903216808073,17.8803221179593,73.6000006198883
1976,6,45.1175,15.0076,15.0343329270681,9.26333312988281,20.8219995498657,121.800000429153
1976,7,45.1175,15.0076,17.8022575993692,12.4051610269854,23.5745154350035,131.700001239777
1976,8,45.1175,15.0076,13.3593546036751,8.83677394928471,18.9454834538121,132.600002408028
1976,9,45.1175,15.0076,12.1339997291565,7.80233306090037,17.5503330230713,163.50000333786
1976,10,45.1175,15.0076,9.32999984679683,5.54451601543734,14.3041932198309,132.400003433228
1976,11,45.1175,15.0076,5.28899985874693,2.11566660553217,8.66566649278005,225.900003433228
1976,12,45.1175,15.0076,-0.16677419024129,-3.88290318269884,3.50709674771755,260.500000953674
1977,1,45.1175,15.0076,2.30903220561243,-0.494838716402169,4.99774188380088,184.000002622604
1977,2,45.1175,15.0076,3.61607130936214,0.4332142749003,7.49321407877973,141.700000524521
1977,3,45.1175,15.0076,6.65999993778044,1.53064513518926,12.6687094165433,98.6000018119812
1977,4,45.1175,15.0076,6.51233319342137,1.05633331344773,12.2129996577899,127.900000572205
1977,5,45.1175,15.0076,11.7954835584087,6.54451596544635,17.3080641838812,99.6000030040741
1977,6,45.1175,15.0076,15.386999686559,9.9853330095609,20.6399995485942,50.1000003814697
1977,7,45.1175,15.0076,16.990322020746,11.6416126681912,22.4122576559744,133.400001764297
1977,8,45.1175,15.0076,16.3806447982788,11.5093545144604,21.8464512363557,124.200000762939
1977,9,45.1175,15.0076,10.7329998016357,5.83599987427393,17.0386662642161,116.600002527237
1977,10,45.1175,15.0076,10.0264513184947,5.74645146343016,15.6335479982438,100.400003433228
1977,11,45.1175,15.0076,4.8329999178648,0.852000017960865,9.23233308165024,221.800007820129
1977,12,45.1175,15.0076,-1.14612900441693,-4.97483858033534,2.38129028665923,78.3000009059906
1978,1,45.1175,15.0076,-0.537741925447218,-3.8906450891687,2.83096765606634,162.300000667572
1978,2,45.1175,15.0076,-0.469285718032292,-4.09821417927742,2.73071416460776,127.000002503395
1978,3,45.1175,15.0076,4.28322569256829,-0.362258060805259,9.39580618950628,165.400002002716
1978,4,45.1175,15.0076,5.99499982992808,2.38266660024722,10.1706664562225,156.00000333786
1978,5,45.1175,15.0076,10.122257846017,6.36483862707692,14.7306448259661,157.200002014637
1978,6,45.1175,15.0076,14.6559997240702,9.44133313496907,19.8903330485026,111.400001764297
1978,7,45.1175,15.0076,15.9932254975842,10.1929029803122,21.5590318249118,77.0000007152557
1978,8,45.1175,15.0076,15.074193339194,9.73096749090379,21.2599995520807,118.700001716614
1978,9,45.1175,15.0076,12.0639997005463,6.49533325831095,18.7626661618551,125.700000047684
1978,10,45.1175,15.0076,7.88290302984176,4.13645153372518,13.1180643266247,52.8000011444092
1978,11,45.1175,15.0076,0.949666638796527,-2.67033328302205,6.27033320168654,58.4000005722046
1978,12,45.1175,15.0076,0.886129038348312,-2.85903219253786,3.98612895031129,138.400002002716
1979,1,45.1175,15.0076,-2.00935476609776,-6.37290304322397,2.45741930459776,174.100003957748
1979,2,45.1175,15.0076,0.526071412222725,-2.20357141138188,3.61785704928583,157.200004339218
1979,3,45.1175,15.0076,5.40064505223305,1.89548382547594,9.26064492810157,142.100002765656
1979,4,45.1175,15.0076,6.10366654793421,1.44666662315528,11.0939997196198,98.100001335144
1979,5,45.1175,15.0076,12.8951609365402,6.76258047838365,18.4903221438008,14.7000000476837
1979,6,45.1175,15.0076,17.2259996732076,11.8299997647603,23.093999449412,116.800001621246
1979,7,45.1175,15.0076,16.1896769000638,11.0632254846634,21.5235478493475,93.500002861023
1979,8,45.1175,15.0076,15.4016125586725,9.93806425217659,21.6809672694052,134.100004673004
1979,9,45.1175,15.0076,12.9099997520447,8.30299975077311,18.603666305542,166.700001239777
1979,10,45.1175,15.0076,7.8709675727352,4.15225797477028,12.1761287412336,122.900002002716
1979,11,45.1175,15.0076,4.0319999029239,0.677666662136714,7.6809997955958,215.000006437302
1979,12,45.1175,15.0076,2.68870959599172,-0.82387094488067,6.75129015984074,208.700004577637
1980,1,45.1175,15.0076,-2.6993547947176,-6.26096764495296,0.470645170538656,125.000001430511
1980,2,45.1175,15.0076,1.29999997595261,-2.40896546814976,5.6634481672583,34.4000005722046
1980,3,45.1175,15.0076,3.03258055400464,-1.09451611195841,7.65741922778468,131.600001811981
1980,4,45.1175,15.0076,4.59166654646397,0.725333336492379,8.96333317359288,162.500001192093
1980,5,45.1175,15.0076,9.16677399604551,5.68903210086207,13.4570963921085,128.700000524521
1980,6,45.1175,15.0076,14.4593330383301,9.86866642634074,19.3569997469584,162.50000333786
1980,7,45.1175,15.0076,16.5461286729382,10.9019351928465,21.9938704275316,73.1000015735626
1980,8,45.1175,15.0076,17.01483831098,11.3951610211403,23.3764511231453,137.000003099442
1980,9,45.1175,15.0076,13.3609997431437,8.1129998922348,19.6699994723002,57.0000011920929
1980,10,45.1175,15.0076,8.83548362793461,4.71258056259924,13.6422577058115,253.000007629395
1980,11,45.1175,15.0076,2.54866664353758,-0.783333337803681,6.84633317738772,362.20000743866
1980,12,45.1175,15.0076,-2.46419348477596,-7.14838691680662,2.39258061926211,155.300002574921
1981,1,45.1175,15.0076,-4.33387085416865,-10.6103223091172,1.18741932246954,60.4000015258789
1981,2,45.1175,15.0076,-1.98178565821477,-6.34999992166247,2.86928566997605,107.600000500679
1981,3,45.1175,15.0076,5.98677407445446,1.51741930578024,11.1119351925388,107.500002861023
1981,4,45.1175,15.0076,7.87333308309317,2.73099995156129,13.8483330567678,61.9000015258789
1981,5,45.1175,15.0076,11.8364513304926,6.68032246491601,17.2122578313274,165.600002765656
1981,6,45.1175,15.0076,15.6953330675761,10.2223331451416,21.207332833608,256.400002717972
1981,7,45.1175,15.0076,16.793548030238,10.9577416604565,22.5258059963103,70.0000007152557
1981,8,45.1175,15.0076,16.3535481114541,11.0851611475791,22.4722576141357,86.0000014305115
1981,9,45.1175,15.0076,13.8399997075399,10.1226665019989,18.6666663169861,260.100003480911
1981,10,45.1175,15.0076,11.4629029535478,7.77935469150543,15.2577414358816,149.300003051758
1981,11,45.1175,15.0076,2.84433330384393,-1.79399993022283,8.50699982146422,43.2000005245209
1981,12,45.1175,15.0076,0.645161323489682,-3.71741929434,4.28677408733676,318.800008535385
1982,1,45.1175,15.0076,-1.89322569677907,-5.74322571004591,2.66580634468025,43.1000008583069
1982,2,45.1175,15.0076,-2.23071424290538,-5.89964266068169,2.25178566468613,7.99999988079071
1982,3,45.1175,15.0076,2.38387090063864,-1.66612899687982,6.71193530674904,130.000002145767
1982,4,45.1175,15.0076,4.52199990401665,0.144333339234193,9.35866643364231,113.900002479553
1982,5,45.1175,15.0076,12.5574190539698,7.32387086268394,17.5235480646933,95.2000026702881
1982,6,45.1175,15.0076,16.6959996541341,11.2876663684845,22.354666074117,146.900004386902
1982,7,45.1175,15.0076,18.470644827812,13.0145158460063,23.9196768729917,45.7000000476837
1982,8,45.1175,15.0076,17.0767736434937,11.3780641863423,23.6622574098649,147.900002717972
1982,9,45.1175,15.0076,16.1876663208008,11.4526664415995,21.6653326670329,71.2000019550323
1982,10,45.1175,15.0076,9.7932255652643,6.82548369130781,13.3970964800927,264.200004339218
1982,11,45.1175,15.0076,5.23266651729743,1.71999996782591,8.74933316310247,129.000002741814
1982,12,45.1175,15.0076,2.16935477874452,-1.08451612149515,5.3564515091599,262.500007629395
1983,1,45.1175,15.0076,1.41935480908761,-3.45483866814644,7.13354821358958,62.100001335144
1983,2,45.1175,15.0076,-3.225357032381,-8.12857119526182,1.52928570232221,145.1000020504
1983,3,45.1175,15.0076,4.1645159997767,-0.427419341379596,9.6964513582568,150.500005722046
1983,4,45.1175,15.0076,9.42633303801219,5.18599992692471,13.8573330243429,54.0000007152557
1983,5,45.1175,15.0076,13.3141932948943,8.06451597521382,18.5838705801195,99.4000022411346
1983,6,45.1175,15.0076,15.1763331095378,9.24966644446055,20.5679995536804,92.1000030040741
1983,7,45.1175,15.0076,19.8951607058125,12.8835480597711,26.9990316821683,30.0000004768372
1983,8,45.1175,15.0076,17.2390317609233,12.0032255111202,23.3403221253426,81.0000009536743
1983,9,45.1175,15.0076,13.6496664683024,8.12199986775716,20.0606662750244,111.50000166893
1983,10,45.1175,15.0076,8.55032235576261,3.1199999182455,14.8409672398721,108.799999952316
1983,11,45.1175,15.0076,1.98033328155676,-1.91966663065056,6.43033317327499,20.300000667572
1983,12,45.1175,15.0076,0.26516132585464,-3.51096763281572,4.03193541976713,97.9000020027161
1984,1,45.1175,15.0076,-0.536451602414731,-4.69258055187041,3.56677414092325,200.500000238419
1984,2,45.1175,15.0076,-1.52724133971436,-4.48413779971928,1.18448273632033,188.800001382828
1984,3,45.1175,15.0076,1.39967737563195,-2.13419352231487,4.89258056830975,111.600001454353
1984,4,45.1175,15.0076,6.16199989716212,2.05133329927921,10.4689997990926,135.299999833107
1984,5,45.1175,15.0076,10.3038707625481,5.92645145808497,14.5496770797237,163.900005817413
1984,6,45.1175,15.0076,14.4683329582214,8.46433308124542,19.9346664746602,121.000003099442
1984,7,45.1175,15.0076,16.5435479379469,9.66354809268828,22.6825803326022,85.7000019550323
1984,8,45.1175,15.0076,15.5541931890672,10.1358062528795,21.2261285474223,149.200003147125
1984,9,45.1175,15.0076,12.8819996833801,7.97833314736684,18.6413329442342,331.800004243851
1984,10,45.1175,15.0076,10.2541933213511,6.5561288556745,14.4722577371905,188.900003910065
1984,11,45.1175,15.0076,5.02499989960343,1.57566665088137,8.61599975029628,119.799999713898
1984,12,45.1175,15.0076,0.34129032011955,-2.46387091122808,3.08774188833852,56.6000001430511
1985,1,45.1175,15.0076,-5.7087095934417,-10.3745159295297,-1.61387091394394,112.500000238419
1985,2,45.1175,15.0076,-3.83642852466021,-9.4896427243948,2.40571426706655,77.0000014305115
1985,3,45.1175,15.0076,2.68064509524453,-0.713548377276428,6.20935472557622,207.800004005432
1985,4,45.1175,15.0076,7.36833316485087,2.51166658749183,12.2519998073578,143.600001811981
1985,5,45.1175,15.0076,13.2470965000891,7.42419337841772,18.5316125808224,100.400002479553
1985,6,45.1175,15.0076,14.2206663767497,8.65666658083598,19.3493329048157,120.200001358986
1985,7,45.1175,15.0076,18.4506446469215,11.9848384241904,24.5325800987982,28.9000008106232
1985,8,45.1175,15.0076,17.8509674995176,11.5477415823167,24.2612898119034,75.9000020027161
1985,9,45.1175,15.0076,14.1123329798381,7.73399980068207,21.8173328399658,60.9000000953674
1985,10,45.1175,15.0076,8.16387078069871,3.2083870494558,14.3964512117447,45.1000008583069
1985,11,45.1175,15.0076,2.07166666090488,-1.0806666324536,5.10266657968362,245.000004529953
1985,12,45.1175,15.0076,3.74774188848753,0.259032233588157,7.7058061938132,104.500001907349
1986,1,45.1175,15.0076,-0.455483885542039,-5.16709661868311,3.44419343385004,119.200003385544
1986,2,45.1175,15.0076,-4.81678560801915,-7.52464266547135,-1.98678565703865,182.300004005432
1986,3,45.1175,15.0076,1.33290319709528,-2.23225799395192,4.86677407257018,84.0000009536743
1986,4,45.1175,15.0076,8.42799982428551,3.73066660563151,13.1396663804849,147.700003147125
1986,5,45.1175,15.0076,14.9929028480284,9.3980643364691,20.6167734207646,92.6000006198883
1986,6,45.1175,15.0076,14.4903328895569,9.33133312861125,19.3823329925537,186.200002193451
1986,7,45.1175,15.0076,16.6041931336926,10.9941933539606,21.5722576264412,96.7000007629395
1986,8,45.1175,15.0076,18.1025801012593,12.5383867448376,24.0022574086343,109.700003147125
1986,9,45.1175,15.0076,12.6013330141703,7.19499989350637,18.7596662839254,69.4000012874603
1986,10,45.1175,15.0076,8.84193525775786,3.86677410453558,14.574515773404,157.300002574921
1986,11,45.1175,15.0076,4.90133322874705,1.35466664036115,9.364333152771,92.9999990463257
1986,12,45.1175,15.0076,-0.51290321590439,-4.47129019229643,3.83580638179856,72.2000017166138
1987,1,45.1175,15.0076,-4.11870954882714,-8.35193532543077,-0.15870969093615,154.000000476837
1987,2,45.1175,15.0076,0.0421428412332066,-3.37357135755675,3.79035703212555,141.800003051758
1987,3,45.1175,15.0076,-1.33419353827353,-5.6309675675246,3.37387092315381,66.9000006914139
1987,4,45.1175,15.0076,8.21766655047734,3.32499993691842,13.3419997930527,78.3000028133392
1987,5,45.1175,15.0076,10.8383867971359,5.79548375452718,15.7777415552447,211.500002861023
1987,6,45.1175,15.0076,15.6889996210734,10.6276664574941,20.5876662890116,88.0000019073486
1987,7,45.1175,15.0076,18.8241930315571,12.7367738293063,24.4980639180829,64.7999999523163
1987,8,45.1175,15.0076,16.620322227478,10.9258061608961,22.3699996702133,84.1000032424927
1987,9,45.1175,15.0076,16.8039996623993,11.0093331947923,23.1153327941895,116.800003051758
1987,10,45.1175,15.0076,10.2548384512624,6.62516117865039,14.2396770061985,139.900001883507
1987,11,45.1175,15.0076,4.28066657011708,0.673666640371084,8.05499980449676,269.300006151199
1987,12,45.1175,15.0076,1.10935481517546,-2.35290315074305,5.29451607816642,53.0000014305115
1988,1,45.1175,15.0076,3.69999990612268,0.546129032488792,6.6887095551337,103.800002098083
1988,2,45.1175,15.0076,1.72620685360041,-1.86724132916023,5.61896534212704,213.200003743172
1988,3,45.1175,15.0076,2.78612896944246,-1.97580639777645,7.28580628671954,124.500000715256
1988,4,45.1175,15.0076,7.28066652417183,2.71533325500786,12.0176663080851,89.6000022888184
1988,5,45.1175,15.0076,12.6083868088261,8.34838696449034,16.9296770403462,100.300001859665
1988,6,45.1175,15.0076,14.9903330802917,9.79266649881999,20.0469994862874,133.00000166893
1988,7,45.1175,15.0076,19.4180642097227,12.8893545212284,25.6832252625496,28.2000005245209
1988,8,45.1175,15.0076,17.9148382986746,11.4845158976893,24.7951607242707,141.500004053116
1988,9,45.1175,15.0076,13.3079997380575,8.56633318265279,19.2426663080851,119.300002574921
1988,10,45.1175,15.0076,9.58612886167342,5.61064502981401,14.6335480905348,88.100001335144
1988,11,45.1175,15.0076,0.576666674514611,-3.5999998892347,4.57666655679544,62.8999998569489
1988,12,45.1175,15.0076,0.81161291368546,-3.77580636811833,6.13838689461831,73.5000005960464
1989,1,45.1175,15.0076,0.345161289938035,-3.81290315043542,5.56387083376608,0
1989,2,45.1175,15.0076,3.28214279136487,-0.677499981863158,7.60321399995259,76.9000008106232
1989,3,45.1175,15.0076,6.73709657884413,1.98870962810132,12.2909673875378,75.9000008106232
1989,4,45.1175,15.0076,8.94666646321615,5.18133323652049,13.5929996649424,175.700001955032
1989,5,45.1175,15.0076,11.6532255449603,6.83032240862808,16.0699997255879,185.400003671646
1989,6,45.1175,15.0076,13.9523329734802,9.44533317883809,18.6599995613098,153.900000572205
1989,7,45.1175,15.0076,17.629999714513,12.4625803270648,22.9745155457527,156.800003051758
1989,8,45.1175,15.0076,17.0003221265731,12.4083868765062,22.3358059544717,155.90000128746
1989,9,45.1175,15.0076,13.2066664536794,9.14799982706706,18.161332988739,112.800002813339
1989,10,45.1175,15.0076,8.87967726492113,3.60677412212376,15.9816123747057,63.7000002861023
1989,11,45.1175,15.0076,2.93599994579951,-1.39966665804386,8.13866647879282,83.3000013828278
1989,12,45.1175,15.0076,2.4838709215964,-1.19677421354478,5.90838699908026,44.2000007629395
1990,1,45.1175,15.0076,0.443225802673449,-3.90032248968078,5.14967733104863,29.1000008583069
1990,2,45.1175,15.0076,5.1653570608635,0.102142879273742,10.9857141120093,43.4000015258789
1990,3,45.1175,15.0076,6.75322563802042,0.995161262250716,13.191935200845,85.1000010967255
1990,4,45.1175,15.0076,6.75733315149943,3.00933326569696,11.1246663093567,164.600002765656
1990,5,45.1175,15.0076,12.8545158909213,7.7351611102781,18.5493543378768,62.5000021457672
1990,6,45.1175,15.0076,15.526332950592,10.132999753952,20.4483328501383,76.700001001358
1990,7,45.1175,15.0076,17.3516126448108,11.3941932339822,23.0899995988415,112.200002670288
1990,8,45.1175,15.0076,17.1970963631907,10.9974190342811,24.1283865897886,46.0000004768372
1990,9,45.1175,15.0076,12.5409996986389,7.32133317788442,18.1786662101746,151.6000020504
1990,10,45.1175,15.0076,10.5635482803468,6.36451596790744,15.7167737714706,236.100006818771
1990,11,45.1175,15.0076,4.74666658068697,1.23099996447563,8.63766644001007,219.400006055832
1990,12,45.1175,15.0076,-0.579999973697047,-3.29516125686707,1.81806447855648,171.800004839897
1991,1,45.1175,15.0076,-0.224516130262806,-3.91548377419672,3.25838699648457,82.7000002861023
1991,2,45.1175,15.0076,-2.56571423794542,-7.50142833590508,2.56678564633642,80.3000011444092
1991,3,45.1175,15.0076,6.499677244694,2.66741930044466,11.0799997621967,54.7000002861023
1991,4,45.1175,15.0076,5.83266650835673,1.38433330903451,10.8533330996831,107.700001478195
1991,5,45.1175,15.0076,8.82935460152165,4.70999990547857,12.8883867879068,232.600004911423
1991,6,45.1175,15.0076,15.8663330713908,10.6076663970947,21.1296662648519,93.3000005483627
1991,7,45.1175,15.0076,19.0890318039925,13.7183868192857,24.40322537576,127.900001645088
1991,8,45.1175,15.0076,17.7270965268535,12.4761287935318,23.6790318642893,32.5000007152557
1991,9,45.1175,15.0076,15.236332988739,9.86966641743978,20.8133328119914,71.8000018596649
1991,10,45.1175,15.0076,7.25032237508605,3.54451600420139,11.7758061212878,190.400002479553
1991,11,45.1175,15.0076,4.63333324256043,1.37066663205624,7.97099986871084,271.700006484985
1991,12,45.1175,15.0076,-2.1080644875164,-5.76999987854112,2.32999997249534,38.7000000476837
1992,1,45.1175,15.0076,0.439999972379976,-3.17258057551038,4.25677416401525,46.9000008106232
1992,2,45.1175,15.0076,1.61620686074783,-2.95758611477655,7.32275848758632,53.600001335144
1992,3,45.1175,15.0076,4.04709666102163,-0.408387085122447,9.35580625841694,156.200002968311
1992,4,45.1175,15.0076,8.2416664203008,4.08533324934542,12.9166663964589,83.1000025272369
1992,5,45.1175,15.0076,12.8832254717427,7.30483858046993,18.1609672730969,28.5999999046326
1992,6,45.1175,15.0076,15.6969996452332,10.98833305041,20.3833327929179,125.400003194809
1992,7,45.1175,15.0076,18.2593542837328,12.4196770575739,23.6399995742306,96.7000017166138
1992,8,45.1175,15.0076,20.8464511748283,14.1051609285416,28.1461284391342,23.300000667572
1992,9,45.1175,15.0076,13.9773329416911,8.30866650740306,20.9473329544067,70.9999997615814
1992,10,45.1175,15.0076,9.29032236529935,5.43419337128439,13.3206449170266,490.40000474453
1992,11,45.1175,15.0076,6.68866650263468,2.48066661804914,11.0233330408732,181.100002527237
1992,12,45.1175,15.0076,-0.437419335207633,-3.0177418397319,2.67967733987156,165.199999570847
1993,1,45.1175,15.0076,0.975483843155446,-3.08967734428663,5.0041934867059,20.700000166893
1993,2,45.1175,15.0076,-0.627142840996385,-5.43535703846386,4.61999987411712,2.70000004768372
1993,3,45.1175,15.0076,2.40741927513192,-1.90387094645731,7.47516102752378,95.4000002145767
1993,4,45.1175,15.0076,8.77366649309794,3.68466658840577,14.0926663398743,128.800000429153
1993,5,45.1175,15.0076,14.273870529667,9.21612887228689,19.8838704632175,36.5000009536743
1993,6,45.1175,15.0076,16.6473328590393,11.2353331724803,21.9833327929179,137.000004291534
1993,7,45.1175,15.0076,17.7751609125445,11.9090320987086,23.5867735955023,42.400000333786
1993,8,45.1175,15.0076,18.5935481594455,12.9612900518602,24.9993543009604,113.900000095367
1993,9,45.1175,15.0076,13.6579996109009,10.1556664546331,17.8336663246155,216.700004816055
1993,10,45.1175,15.0076,10.4787094054684,7.347419200405,14.0593544129402,316.90000629425
1993,11,45.1175,15.0076,0.619666704038779,-2.15033323168755,3.19099996387958,219.900004148483
1993,12,45.1175,15.0076,3.1980644238572,-0.739999979253738,6.58419336715052,178.000003814697
1994,1,45.1175,15.0076,2.33225801875514,-1.61290321090529,6.16387082432066,100.700001239777
1994,2,45.1175,15.0076,0.458214271813631,-2.94178570407842,3.78249989449978,66.0000019073486
1994,3,45.1175,15.0076,7.95225787547327,3.29548380259545,13.674838466029,51.3999999761581
1994,4,45.1175,15.0076,7.45266649723053,3.53433323583255,11.9946663856506,186.800003767014
1994,5,45.1175,15.0076,12.7296770926445,7.77161268313085,18.0480639242357,93.3000028133392
1994,6,45.1175,15.0076,16.2256662368774,11.150666419665,21.5676659901937,181.80000269413
1994,7,45.1175,15.0076,19.5293542800411,14.1709675327424,25.5358059175553,77.1000020503998
1994,8,45.1175,15.0076,19.5438705567391,13.8764513384911,26.0693542111304,125.699999570847
1994,9,45.1175,15.0076,15.2949997584025,10.7796663840612,20.998332564036,136.400001049042
1994,10,45.1175,15.0076,7.56258049318867,3.45483858739176,12.6709674865969,157.100002169609
1994,11,45.1175,15.0076,6.73399982055028,3.21766660722593,11.3046664555868,99.9999995231628
1994,12,45.1175,15.0076,1.77322578177817,-1.64258064666102,5.7716127922458,158.500002384186
1995,1,45.1175,15.0076,-0.599354808849673,-4.19967731713287,2.94967731352775,132.000001907349
1995,2,45.1175,15.0076,4.3307142135288,0.140714285961751,9.15321406296321,154.500001430511
1995,3,45.1175,15.0076,2.54354833547146,-1.31354832601163,6.8590321002468,162.500004529953
1995,4,45.1175,15.0076,8.27133318185806,3.38966659208139,13.5393330891927,54.4000022411346
1995,5,45.1175,15.0076,12.0122578682438,7.56903204514134,16.7735481569844,173.70000243187
1995,6,45.1175,15.0076,14.4723330497742,9.54733309745789,19.6966662406921,221.500005245209
1995,7,45.1175,15.0076,19.7745157672513,14.218709330405,25.1567736594908,69.5000014305115
1995,8,45.1175,15.0076,16.3616125045284,11.6299997914222,22.171289905425,169.900003433228
1995,9,45.1175,15.0076,11.9003330230713,7.85233318706353,17.6403328259786,206.600001811981
1995,10,45.1175,15.0076,10.8445158927671,6.61129020490954,16.7903220884262,19.5999999046326
1995,11,45.1175,15.0076,3.58133327662945,0.109000005324682,7.86833319167296,93.9000024795532
1995,12,45.1175,15.0076,0.309032243105673,-1.95129023894908,2.61032253167322,228.600004673004
1996,1,45.1175,15.0076,-1.3877419209288,-3.68967730864402,1.03903225689165,65.900001168251
1996,2,45.1175,15.0076,-2.25344820320606,-6.0958619283448,1.75586203151736,85.8000022172928
1996,3,45.1175,15.0076,0.296129029364355,-3.43161283595668,5.00645145485478,44.7999994754791
1996,4,45.1175,15.0076,7.77766650219758,2.7276666055123,13.3209997177124,135.000003218651
1996,5,45.1175,15.0076,13.5022578085622,8.83967726845895,18.3122577051963,150.800001144409
1996,6,45.1175,15.0076,16.7369997660319,11.1236664136251,21.9619994799296,139.300002098083
1996,7,45.1175,15.0076,16.5261288304483,10.6303223025414,22.1790318642893,75.3000023365021
1996,8,45.1175,15.0076,17.1358060529155,12.2561287110852,22.8193545187673,105.900001049042
1996,9,45.1175,15.0076,10.5159997304281,7.14766650994619,14.8769997278849,255.100001335144
1996,10,45.1175,15.0076,9.03741911918886,5.70903215196825,13.009677087107,166.100002288818
1996,11,45.1175,15.0076,6.22666657964389,2.78033328652382,10.1999997357527,241.400003910065
1996,12,45.1175,15.0076,-2.12161287088548,-5.25161273056461,1.31451613504079,160.100000858307
1997,1,45.1175,15.0076,-0.613548371580339,-3.2722579683027,2.15225801586864,128.800001144409
1997,2,45.1175,15.0076,2.73857137880155,-1.77642854542605,7.68249978337969,63.4000015258789
1997,3,45.1175,15.0076,4.44258055090904,-0.7683870845264,10.4048384543388,74.2000007629395
1997,4,45.1175,15.0076,4.57099995315075,-0.287999998529752,9.75466637785236,157.800004482269
1997,5,45.1175,15.0076,13.5535481668288,8.20483857585538,18.9412898709697,75.7000007629395
1997,6,45.1175,15.0076,16.729999701182,11.892333094279,21.753666305542,88.0000009536743
1997,7,45.1175,15.0076,17.445806195659,11.9422577581098,23.2199993133545,106.000002622604
1997,8,45.1175,15.0076,17.0825803202967,12.3887093913171,23.071934915358,92.500000834465
1997,9,45.1175,15.0076,13.7919996261597,8.22933311462402,20.4496661186218,48.7000007629395
1997,10,45.1175,15.0076,7.46677399450733,3.7783869908702,11.9187093146386,60.4000017642975
1997,11,45.1175,15.0076,4.60499983628591,1.62499995132287,8.04033311506112,241.300004005432
1997,12,45.1175,15.0076,1.59516123081407,-1.10645157819794,4.54741923246653,187.000004291534
1998,1,45.1175,15.0076,2.35580638243306,-0.871290291028639,5.67999990164272,99.2000021934509
1998,2,45.1175,15.0076,3.59999992166247,-1.51464276674337,10.1171426491014,1.39999997615814
1998,3,45.1175,15.0076,2.67451608529495,-1.984838658403,7.87483855985826,38.4000015258789
1998,4,45.1175,15.0076,9.19766643842061,5.21033322711786,13.5473330815633,161.500003814697
1998,5,45.1175,15.0076,12.5364512474306,7.38612888705346,17.5874189561413,103.800003051758
1998,6,45.1175,15.0076,17.6383329709371,12.4093329747518,22.9676661491394,97.4000005722046
1998,7,45.1175,15.0076,19.3767737111738,13.1570966013016,25.0387092713387,143.100004076958
1998,8,45.1175,15.0076,19.1287092701081,13.4003222603952,25.7116124860702,88.8000011444092
1998,9,45.1175,15.0076,13.3466663678487,9.29299972852071,18.1456662813822,321.900005102158
1998,10,45.1175,15.0076,9.90806425771406,5.81709664098678,14.8319353595857,222.200004816055
1998,11,45.1175,15.0076,1.91366659626365,-1.11599999498576,5.1369999229908,187.800006151199
1998,12,45.1175,15.0076,-2.95129024261428,-6.959999838183,1.36032254489199,99.3000018596649
1999,1,45.1175,15.0076,0.893225790872689,-2.24225798441518,4.89999982041697,90.8000013828278
1999,2,45.1175,15.0076,-0.415000008685249,-5.47392845207027,4.5482141772019,169.59999871254
1999,3,45.1175,15.0076,5.43032246780011,1.98451607506121,9.32419336196636,90.800000667572
1999,4,45.1175,15.0076,8.97366647720337,5.30833327869574,13.3903330167135,154.800001382828
1999,5,45.1175,15.0076,13.6467739843553,8.54483850540653,18.9429028726393,173.600003480911
1999,6,45.1175,15.0076,16.6749997138977,11.5449996471405,21.828999487559,122.000000953674
1999,7,45.1175,15.0076,18.2899996234525,13.1290318273729,23.2619349264329,197.500003814697
1999,8,45.1175,15.0076,18.3561286310996,13.4303221548757,23.4832252687024,56.3000018596649
1999,9,45.1175,15.0076,15.8956663449605,11.5503330071767,21.37566614151,110.50000333786
1999,10,45.1175,15.0076,10.0445159096872,5.97451602835809,15.0196770852612,128.00000166893
1999,11,45.1175,15.0076,2.00999996475875,-1.14333326866229,5.94333321303129,204.300004124641
1999,12,45.1175,15.0076,1.40612903838196,-2.632580645803,5.35677405224452,262.200006961823
2000,1,45.1175,15.0076,-2.05387091059839,-6.32354824773727,2.45419347502532,14.7000005245209
2000,2,45.1175,15.0076,2.40965509800048,-2.02931028379705,7.56655160517528,44.5
2000,3,45.1175,15.0076,4.93612896050176,0.415161300330393,9.77322556895594,99.0000001192093
2000,4,45.1175,15.0076,10.8783330440521,6.15433317025502,16.0956662495931,59.3000007867813
2000,5,45.1175,15.0076,14.3993544424734,8.35838690880806,20.4112897688343,70.8000018596649
2000,6,45.1175,15.0076,18.1889994303385,11.477666314443,24.4606660842895,50.4000010490417
2000,7,45.1175,15.0076,17.5616125906667,11.7612900733948,23.0254835005729,155.300003528595
2000,8,45.1175,15.0076,19.7245158841533,13.0658060965999,27.351934863675,19.5
2000,9,45.1175,15.0076,14.0509996414185,9.2576665242513,20.231332842509,130.700003385544
2000,10,45.1175,15.0076,11.5799998006513,8.35451594475777,15.8474190619684,208.000004291534
2000,11,45.1175,15.0076,8.4623331785202,5.10066653011988,12.4339997768402,246.100004673004
2000,12,45.1175,15.0076,4.54870955213424,1.2532257519422,7.83903207509748,187.500001907349
2001,1,45.1175,15.0076,2.41290318100683,-0.000967748943836544,4.89645151505547,171.600004792213
2001,2,45.1175,15.0076,1.91749994536596,-1.97142852629934,6.46499983327729,116.200001716614
2001,3,45.1175,15.0076,7.85354818067243,4.32645154960694,11.4467740366536,215.100004196167
2001,4,45.1175,15.0076,7.50033311247826,2.75966660380363,12.5063330252965,139.500002026558
2001,5,45.1175,15.0076,14.6606448081232,9.9919352146887,19.8351608707059,89.2000019550323
2001,6,45.1175,15.0076,15.7649995485942,9.97766650517782,21.3609996159871,97.1000030040741
2001,7,45.1175,15.0076,19.0874188023229,13.3832255947974,25.0767735512026,38.0000004768372
2001,8,45.1175,15.0076,20.1048381866947,13.8232254520539,27.0883865356445,24.2999999523163
2001,9,45.1175,15.0076,11.8706663926442,7.84066651662191,17.2306662241618,302.900007724762
2001,10,45.1175,15.0076,12.221935256835,8.15419343210036,17.9680641543481,47.300000667572
2001,11,45.1175,15.0076,2.00233328975737,-1.61199998656909,6.89233324726423,199.400003910065
2001,12,45.1175,15.0076,-2.99709672024173,-6.62677406832095,0.780967700865961,98.1000030040741
2002,1,45.1175,15.0076,-0.601612906302176,-4.30258056184938,3.92677414224994,28.3000001907349
2002,2,45.1175,15.0076,4.38892846767391,0.863928530897413,8.55749987704413,142.700002670288
2002,3,45.1175,15.0076,6.46870949624046,1.95935479203059,12.04612868832,18.8000001907349
2002,4,45.1175,15.0076,7.20999977389971,3.4213332499067,11.8383330424627,256.000003874302
2002,5,45.1175,15.0076,14.5554834796536,9.61967722062142,20.0345157192599,115.500000715256
2002,6,45.1175,15.0076,18.0646662394206,12.1233331203461,23.9003328323364,73.200003862381
2002,7,45.1175,15.0076,18.6729029070946,13.6287093008718,24.2693544203235,108.200002193451
2002,8,45.1175,15.0076,17.8087092368833,13.7438707044048,23.0883865356445,150.400004148483
2002,9,45.1175,15.0076,12.147666422526,8.89733322461446,16.9393328984578,217.500007152557
2002,10,45.1175,15.0076,10.0712901238472,5.93516113104359,14.4235480831515,162.700002551079
2002,11,45.1175,15.0076,8.41599977165461,5.28733321030935,12.0509997546673,169.300005197525
2002,12,45.1175,15.0076,0.743225783590348,-1.60709672036671,3.1451612030186,198.100003838539
2003,1,45.1175,15.0076,-1.32258062353057,-5.43161278758799,3.20258060169797,154.400000333786
2003,2,45.1175,15.0076,-4.05785704723426,-8.35535698703357,1.06714283362297,76.9000018835068
2003,3,45.1175,15.0076,4.24870958251338,-0.179677431261347,10.086128757846,37.9000010490417
2003,4,45.1175,15.0076,7.33499986131986,2.66533330281576,12.5369997100905,91.5000021457672
2003,5,45.1175,15.0076,15.8645157967844,9.73967717924426,22.2970962524414,52.5000002384186
2003,6,45.1175,15.0076,20.2909995396932,14.6396663665771,26.5046660105387,68.1000022888184
2003,7,45.1175,15.0076,20.1793544523178,13.9029029107863,26.5532253019271,27.9000000953674
2003,8,45.1175,15.0076,21.9929027249736,15.6603223123858,29.5403222730083,64.1000008583069
2003,9,45.1175,15.0076,12.8239996910095,8.04699981212616,19.4019996325175,130.000002384186
2003,10,45.1175,15.0076,7.33419341137332,3.6138709206735,11.3722579402308,238.900003671646
2003,11,45.1175,15.0076,6.6143331348896,3.53433323899905,10.5306663990021,108.600001096725
2003,12,45.1175,15.0076,1.17967739605134,-2.43419351188406,5.68419349674256,77.8000004291534
2004,1,45.1175,15.0076,-2.16387089876638,-6.25451597955919,2.20677414836903,137.900004029274
2004,2,45.1175,15.0076,0.657931014381606,-3.19793097469313,5.8110343485043,186.5
2004,3,45.1175,15.0076,1.7190322186197,-2.49161285546518,6.86612890660763,102.100002288818
2004,4,45.1175,15.0076,7.91099982659022,4.30399991671244,12.550666364034,224.200006008148
2004,5,45.1175,15.0076,11.112580437814,6.03032246520442,16.4096770440378,130.100003957748
2004,6,45.1175,15.0076,15.9879997571309,10.8269997119904,21.826332728068,139.400000452995
2004,7,45.1175,15.0076,18.3612898857363,12.4567738656075,24.4212895977882,65.1000008583069
2004,8,45.1175,15.0076,18.3264510554652,13.1603222816221,24.7812897466844,114.400000333786
2004,9,45.1175,15.0076,13.0736663659414,8.6219998439153,18.9689993540446,120.199997663498
2004,10,45.1175,15.0076,11.7096771578635,8.25354826834894,16.1116125352921,244.100006341934
2004,11,45.1175,15.0076,4.85633322397868,1.64866663441062,8.91566641330719,147.900000810623
2004,12,45.1175,15.0076,0.862580628825291,-1.77354833531764,3.97516121258659,133.500002861023
2005,1,45.1175,15.0076,-1.20354835689068,-5.77580631566384,4.2064516020398,77.6000015735626
2005,2,45.1175,15.0076,-3.78499994107655,-7.70035699329206,0.821428568235466,105.800002336502
2005,3,45.1175,15.0076,1.76999998152737,-3.83419350943258,8.22129010343023,86.2000019550323
2005,4,45.1175,15.0076,8.01399981578191,3.13766663074493,13.1456664562225,149.50000500679
2005,5,45.1175,15.0076,13.2045159416814,7.59741925231872,18.8538706687189,148.500002622604
2005,6,45.1175,15.0076,16.6933329900106,10.7489996989568,22.5293328603109,77.2000026702881
2005,7,45.1175,15.0076,18.3138706761022,12.9245157241821,24.0180640682097,108.100001692772
2005,8,45.1175,15.0076,15.5870964296402,11.9048384543388,20.698064034985,237.2000041008
2005,9,45.1175,15.0076,13.7603330453237,10.4349997679392,18.9696663538615,180.00000333786
2005,10,45.1175,15.0076,9.72161264573374,6.50548371300101,13.9380641445037,119.600002884865
2005,11,45.1175,15.0076,3.98133327116569,1.20100000078479,7.7013331870238,223.000003576279
2005,12,45.1175,15.0076,-0.172903234920194,-3.41322569597152,3.03774188410851,205.900003194809
2006,1,45.1175,15.0076,-2.94290316291153,-6.0451611674601,0.303225799433646,87.1000001430511
2006,2,45.1175,15.0076,-0.979999997253929,-4.59999983704516,3.46071422632251,117.100002527237
2006,3,45.1175,15.0076,2.12483861081062,-2.18258056357022,6.06516116472982,132.600000023842
2006,4,45.1175,15.0076,8.7176665186882,3.91833322445552,14.3219995498657,173.900004863739
2006,5,45.1175,15.0076,12.8003222711625,7.32032246743479,18.5735479170276,140.100003480911
2006,6,45.1175,15.0076,16.7409996986389,11.1766663789749,22.3926660855611,61.6000003814697
2006,7,45.1175,15.0076,20.1845156146634,13.7138706176512,26.8464511748283,16.1000003814697
2006,8,45.1175,15.0076,15.7116125168339,11.4999998154179,20.9916123728598,281.200004816055
2006,9,45.1175,15.0076,14.8963329950968,10.1709997653961,21.0546663284302,97.5000026226044
2006,10,45.1175,15.0076,11.4961286821673,7.14516115284735,16.7632254323652,36.7000002861023
2006,11,45.1175,15.0076,7.35699977576733,3.2976665476958,11.388666454951,107.89999961853
2006,12,45.1175,15.0076,3.72064513232439,0.354838655840967,7.11419339478016,76.5000004768372
2007,1,45.1175,15.0076,4.31999990271945,0.513870944178873,8.77258046788554,147.200003623962
2007,2,45.1175,15.0076,4.36714274702328,1.11642852478794,8.5117855157171,126.600003004074
2007,3,45.1175,15.0076,5.89387078775514,2.41709674173786,9.97096748505869,130.900002479553
2007,4,45.1175,15.0076,11.1963329633077,4.32699988683065,18.4033329963684,0.800000011920929
2007,5,45.1175,15.0076,14.354193287511,9.01354820497574,19.9967737505513,163.200003147125
2007,6,45.1175,15.0076,18.2956661860148,13.2859996795654,23.346666208903,99.1000021696091
2007,7,45.1175,15.0076,19.5122576375161,12.0535481514469,26.5377413534349,72.7000007629395
2007,8,45.1175,15.0076,18.0564511514479,12.8793544615469,23.9809670909759,129.900002002716
2007,9,45.1175,15.0076,11.8059997399648,6.91499983469645,18.0433328946431,217.300000905991
2007,10,45.1175,15.0076,7.5487095559797,4.13483858012384,12.2848383803521,182.300001561642
2007,11,45.1175,15.0076,3.0619998767972,-0.493666676307718,7.12999981989463,99.5000021457672
2007,12,45.1175,15.0076,-1.11451609480766,-3.97419345859558,2.00612901583795,121.600001573563
2008,1,45.1175,15.0076,2.60580639589217,-0.8300000164778,6.5070966770572,79.7000005245209
2008,2,45.1175,15.0076,3.00965512158542,-1.43310341547275,7.95551703356463,44.9000010490417
2008,3,45.1175,15.0076,3.85709665138875,-0.0341935508674191,8.5445159754806,206.400003910065
2008,4,45.1175,15.0076,8.33566653728485,3.9563332233578,13.3969997088114,134.700002670288
2008,5,45.1175,15.0076,13.7012900075605,8.35967716863079,19.0283867620653,96.2000002861023
2008,6,45.1175,15.0076,17.5649997075399,12.7639997164408,22.750999546051,148.400001049042
2008,7,45.1175,15.0076,19.0870962758218,13.1277416290775,25.0574188540059,91.1000010967255
2008,8,45.1175,15.0076,18.5016126017417,12.7051609716108,25.1999994093372,64.2000002861023
2008,9,45.1175,15.0076,12.5243331273397,8.45866652329763,17.4549996852875,70.5000004768372
2008,10,45.1175,15.0076,10.8912901724539,6.30580634551664,16.6064513729465,114.500004053116
2008,11,45.1175,15.0076,5.74166657924652,2.22400000592073,9.60299977064133,201.600005626678
2008,12,45.1175,15.0076,1.12774187488662,-1.43419351524884,4.27193537642879,277.200003623962
2009,1,45.1175,15.0076,-2.20129025030521,-5.03064508754159,0.806129005647474,143.50000333786
2009,2,45.1175,15.0076,0.464285696723631,-3.22392850449043,4.8417856246233,133.900002717972
2009,3,45.1175,15.0076,4.16419344082955,-0.00903227925300598,8.84483856347299,160.400004863739
2009,4,45.1175,15.0076,10.6556664307912,6.0986665725708,15.8179996490479,174.700001597404
2009,5,45.1175,15.0076,15.2890318286034,9.34516104575127,21.5312900235576,35.100000500679
2009,6,45.1175,15.0076,16.3203329404195,10.8723331133525,21.6269997278849,116.300003767014
2009,7,45.1175,15.0076,19.4767735388971,13.3712899915634,25.5609671685003,81.3000018596649
2009,8,45.1175,15.0076,19.4599996074553,13.4835481028403,26.5829026006883,73.5000004768372
2009,9,45.1175,15.0076,15.2223329544067,10.5283331394196,20.9549995104472,36.9000015258789
2009,10,45.1175,15.0076,8.76516115665436,4.78709658019004,13.9009674902885,139.800003051758
2009,11,45.1175,15.0076,7.16066651741664,3.5676665827632,10.781666302681,145.700001955032
2009,12,45.1175,15.0076,1.53548376310256,-1.7490322099578,4.65774181581313,278.600003004074
2010,1,45.1175,15.0076,-2.84870963820046,-5.39290308183239,-0.0561290183855638,190.40000641346
2010,2,45.1175,15.0076,0.059999977903706,-3.35071419977716,3.89678561208504,145.300005912781
2010,3,45.1175,15.0076,3.31290317158545,-0.378387094144859,7.26774176402438,91.4000020027161
2010,4,45.1175,15.0076,8.68566645781199,3.8736665599669,13.7656663735708,88.5000014305115
2010,5,45.1175,15.0076,12.4429029649304,8.45096758873232,16.6780641617313,207.000007510185
2010,6,45.1175,15.0076,17.0363329251607,11.2159998257955,22.0363328933716,127.800003051758
2010,7,45.1175,15.0076,19.8770963607296,13.9312899804884,25.7890317978397,81.1000022888184
2010,8,45.1175,15.0076,17.7099995766917,12.2899997465072,23.9312897959063,97.500002861023
2010,9,45.1175,15.0076,12.2616663297017,8.4486664613088,17.1306664148966,256.200001895428
2010,10,45.1175,15.0076,7.35225783624957,4.11483858093139,11.60387076101,105.50000333786
2010,11,45.1175,15.0076,6.91999980707963,3.6979999144872,10.5713330467542,264.000005483627
2010,12,45.1175,15.0076,-1.03870963287209,-5.53032244309302,3.91709666194454,184.400004863739
2011,1,45.1175,15.0076,0.291935490023706,-3.05677414324976,4.14258053418129,60.8000012636185
2011,2,45.1175,15.0076,-0.297499963348466,-3.67107137984463,4.45964278706483,39.400000333786
2011,3,45.1175,15.0076,3.8261289697501,-0.306129006608839,8.7416127636548,96.0000033378601
2011,4,45.1175,15.0076,10.1989998102188,4.19133321841558,16.6246662775675,72.9000017642975
2011,5,45.1175,15.0076,13.3061287480016,7.01677405449652,19.9096770132742,111.00000333786
2011,6,45.1175,15.0076,17.290666325887,11.7513330459595,22.7433327356974,127.600003242493
2011,7,45.1175,15.0076,18.519999442562,13.025160866399,24.1074187063402,131.600000977516
2011,8,45.1175,15.0076,19.7980639857631,13.1138706668731,26.7309671832669,28.0999999046326
2011,9,45.1175,15.0076,16.7146663983663,11.0296663920085,23.8116662661235,87.6000027656555
2011,10,45.1175,15.0076,8.2293546853527,3.73677411801632,13.7709674604477,163.300002098083
2011,11,45.1175,15.0076,3.01966661264499,-0.420666664838791,7.78699983755748,13.4000000953674
2011,12,45.1175,15.0076,2.57193542139665,-1.67354835617927,6.74709660583927,185.600002288818
2012,1,45.1175,15.0076,-0.0370967546778346,-4.28096766625681,4.76870957209218,40.9000004529953
2012,2,45.1175,15.0076,-5.17034465896672,-9.25862054989256,-0.274827578972129,70.9000009298325
2012,3,45.1175,15.0076,6.85838692226718,0.919354804100529,13.5535481514469,0
2012,4,45.1175,15.0076,8.9146665190657,4.62833318809668,13.9569997151693,109.000001907349
2012,5,45.1175,15.0076,12.8406448518076,6.93935468985188,18.8864512135906,164.900002241135
2012,6,45.1175,15.0076,19.2066664059957,13.0113331158956,24.700665918986,78.9000015258789
2012,7,45.1175,15.0076,20.7632253400741,14.3506448807255,26.7719348169142,77.8000020980835
2012,8,45.1175,15.0076,20.7235477509037,13.089677118486,28.6896769000638,78.2000017166138
2012,9,45.1175,15.0076,14.6769996960958,10.4419998089472,20.2843329111735,278.200008153915
2012,10,45.1175,15.0076,9.9948384492628,5.93870947630175,15.4835479543094,244.100002527237
2012,11,45.1175,15.0076,7.75999977886677,4.66966654459635,11.2969998041789,286.300007104874
2012,12,45.1175,15.0076,0.173548386942956,-3.8399999420489,4.09451601774462,164.60000193119
2013,1,45.1175,15.0076,0.488709672804801,-2.71741930227126,3.80967732398741,265.60000371933
2013,2,45.1175,15.0076,-0.943571404287857,-3.81678563622492,2.05249997254993,222.200006008148
2013,3,45.1175,15.0076,1.43064511975934,-2.21677411515867,6.27032247474117,238.900002479553
2013,4,45.1175,15.0076,9.44866639847557,4.38733325103919,14.7819996098677,62.2000012397766
2013,5,45.1175,15.0076,12.0329029329361,7.92419345148148,16.9638706022693,191.900007843971
2013,6,45.1175,15.0076,16.5216663360596,10.7279997030894,22.3639995574951,52.6000003814697
2013,7,45.1175,15.0076,19.5861287270823,13.3725803744408,26.0703219752158,49.0000009536743
2013,8,45.1175,15.0076,19.2441930770874,13.1322578922395,26.2309673063217,85.0000011920929
2013,9,45.1175,15.0076,13.2759996891022,8.44666647911072,19.2279996236165,195.200002551079
2013,10,45.1175,15.0076,11.0632256077182,7.54999976004324,15.3835480290074,95.4000034332275
2013,11,45.1175,15.0076,5.29499984184901,2.70566657185555,8.31699982086817,321.800002217293
2013,12,45.1175,15.0076,2.84451607302312,-0.851612895727158,7.36387077454598,48.9000020027161
2014,1,45.1175,15.0076,4.09548378567542,1.03709675227442,7.30838696538441,187.100002765656
2014,2,45.1175,15.0076,3.8032142208623,0.877499978191086,7.39392837988479,258.600006341934
2014,3,45.1175,15.0076,6.73612893012262,2.39483866251765,12.0019351897701,80.9000017642975
2014,4,45.1175,15.0076,9.90999979178111,5.71233319342136,14.7626664797465,208.000002861023
2014,5,45.1175,15.0076,12.2199996825187,6.81096753381914,17.7235479047222,146.200005173683
2014,6,45.1175,15.0076,16.6973329544067,11.245999733607,22.6156659762065,138.00000500679
2014,7,45.1175,15.0076,17.9258061378233,12.8351609629969,23.0722573803317,200.500004291534
2014,8,45.1175,15.0076,17.3264511477563,12.677741665994,22.5138704238399,219.900002837181
2014,9,45.1175,15.0076,13.265666325887,9.95533317724864,18.1039996782939,275.600003480911
2014,10,45.1175,15.0076,11.0706449170266,7.76354821218598,15.4667738022343,195.000002861023
2014,11,45.1175,15.0076,7.79566655953725,5.12133317987124,11.3149997234345,194.000002384186
2014,12,45.1175,15.0076,2.46096772964924,-0.480645164847374,5.81322568799219,112.400001764297
2015,1,45.1175,15.0076,2.14774187894598,-1.34064513787387,5.44870952414649,119.200001716614
2015,2,45.1175,15.0076,-0.479999998318297,-3.43785710799109,3.2703570635058,143.600005865097
2015,3,45.1175,15.0076,4.37032248704664,0.536451612749408,8.80193530359576,72
2015,4,45.1175,15.0076,8.20066653887431,3.54033327798049,13.9836662928263,59
2015,5,45.1175,15.0076,14.1022577285767,9.33645142278364,19.3354834279706,155.000002861023
2015,6,45.1175,15.0076,17.1156662305196,11.1006664911906,23.1686661402384,100.100004673004
2015,7,45.1175,15.0076,21.2119350740986,15.0867739031392,27.9180638713221,85.7000011205673
2015,8,45.1175,15.0076,19.4709672927856,14.4793544892342,26.0206445263278,80.6000008583069
2015,9,45.1175,15.0076,14.0209997812907,10.2516664346059,18.9929994901021,103.600001573563
2015,10,45.1175,15.0076,8.96967721754505,6.14225793846192,12.8058062061187,367.200009346008
2015,11,45.1175,15.0076,6.05399981935819,1.46966663847367,12.7069996689757,41.5
2015,12,45.1175,15.0076,2.96774188933834,-0.947741915021212,8.49258039074559,0
2016,1,45.1175,15.0076,1.34516121879701,-2.80677412979064,5.6796773806695,132.40000295639
2016,2,45.1175,15.0076,4.22827580134416,1.2975861738468,8.0089653196006,264.50000667572
2016,3,45.1175,15.0076,4.19387086024207,1.33290319973903,8.23838694633976,133.900002479553
2016,4,45.1175,15.0076,9.6366664926211,4.70433328201373,15.3489996274312,77.1000021696091
2016,5,45.1175,15.0076,12.3183867393001,7.28612886705706,17.724193080779,167.400002479553
2016,6,45.1175,15.0076,17.1819996198018,12.0343331654867,22.3233327865601,149.800003051758
2016,7,45.1175,15.0076,20.0909673321632,14.288386898656,26.019999442562,63.2000007629395
2016,8,45.1175,15.0076,17.2590318187591,12.1677417139853,23.5525798797607,153.200001239777
2016,9,45.1175,15.0076,14.7496662775675,9.88133310476939,21.3346662203471,119.800003051758
2016,10,45.1175,15.0076,8.24483849156287,4.60645154647289,12.931290026634,195.000001430511
2016,11,45.1175,15.0076,5.64633316844702,2.26199991839627,9.75666651924451,219.500003099442
2016,12,45.1175,15.0076,0.296129017106948,-3.97387089460127,5.90161275070521,0
2017,1,45.1175,15.0076,-4.56870959170403,-8.77612886890288,-0.12161294971743,46.8000001907349
2017,2,45.1175,15.0076,3.23785704454141,-0.351071418928248,7.07321412009852,158.400002002716
2017,3,45.1175,15.0076,7.05677401827228,1.54064514932613,13.5664513957116,46.300000667572
2017,4,45.1175,15.0076,8.61033316453298,3.33233328728626,14.5723330974579,96.9000008106232
2017,5,45.1175,15.0076,13.4751609217736,7.81064499962714,19.3290318212202,91.5000009536743
2017,6,45.1175,15.0076,19.0126661300659,12.5776664098104,25.1713327407837,72.8999996185303
2017,7,45.1175,15.0076,20.4058058646417,13.5809674109182,26.974193080779,25.3999996185303
2017,8,45.1175,15.0076,20.673225402832,13.7877417225992,28.4145154030092,53.0000009536743
2017,9,45.1175,15.0076,12.0893331209819,8.8009998401006,17.0733329455058,422.800007343292
2017,10,45.1175,15.0076,9.69903206825256,4.49999989040436,16.9193543772544,78.2000051736832
2017,11,45.1175,15.0076,4.92799992014964,1.93199996780604,8.67033313512802,282.500002861023
2017,12,45.1175,15.0076,1.79903222500317,-2.22999996427567,5.96096763255135,265.900005817413
2018,1,45.1175,15.0076,3.99580637389614,0.316774184665372,7.67645141602524,139.400000572205
2018,2,45.1175,15.0076,-3.14892850390502,-5.46107124005045,-0.0932142964697303,200.000001192093
2018,3,45.1175,15.0076,2.17967733836943,-0.903870949161149,5.82064498047675,146.200002193451
2018,4,45.1175,15.0076,12.1303331534068,7.1246664583683,18.1433329582214,74.2000012397766
2018,5,45.1175,15.0076,15.1283868051344,10.2687094749943,20.5819350211851,67.3000011444092
2018,6,45.1175,15.0076,17.3823328018188,12.2943331400553,22.6066663424174,107.700001955032
2018,7,45.1175,15.0076,19.230967367849,14.0783868297454,24.8690316600184,71.4000008106232
2018,8,45.1175,15.0076,19.604515721721,14.3916126066639,26.3067735856579,75.3000011444092
2018,9,45.1175,15.0076,14.7383328437805,9.72599970698357,21.6379994392395,67.4000015258789
2018,10,45.1175,15.0076,11.2267739849706,7.10064498070748,16.5361285055837,141.400004386902
2018,11,45.1175,15.0076,5.87233319282532,3.63533321519693,8.61133312396705,146.700002670288
2018,12,45.1175,15.0076,1.61483866709375,-2.01354831264865,5.64999985646817,60.9000002741814
